,midi_filename,audio_filename,duration
0,F:\MAPS\AkPnBcht\MUS\MAPS_MUS-alb_se3_AkPnBcht.mid,F:\MAPS\AkPnBcht\MUS\MAPS_MUS-alb_se3_AkPnBcht.wav,250.0778231292517
1,F:\MAPS\AkPnBcht\MUS\MAPS_MUS-bach_846_AkPnBcht.mid,F:\MAPS\AkPnBcht\MUS\MAPS_MUS-bach_846_AkPnBcht.wav,228.05861678004536
2,F:\MAPS\AkPnBcht\MUS\MAPS_MUS-bach_847_AkPnBcht.mid,F:\MAPS\AkPnBcht\MUS\MAPS_MUS-bach_847_AkPnBcht.wav,192.25575963718822
3,F:\MAPS\AkPnBcht\MUS\MAPS_MUS-bk_xmas5_AkPnBcht.mid,F:\MAPS\AkPnBcht\MUS\MAPS_MUS-bk_xmas5_AkPnBcht.wav,395.8281179138322
4,F:\MAPS\AkPnBcht\MUS\MAPS_MUS-chpn-p12_AkPnBcht.mid,F:\MAPS\AkPnBcht\MUS\MAPS_MUS-chpn-p12_AkPnBcht.wav,59.131904761904764
5,F:\MAPS\AkPnBcht\MUS\MAPS_MUS-chpn-p13_AkPnBcht.mid,F:\MAPS\AkPnBcht\MUS\MAPS_MUS-chpn-p13_AkPnBcht.wav,155.48519274376417
6,F:\MAPS\AkPnBcht\MUS\MAPS_MUS-chpn-p14_AkPnBcht.mid,F:\MAPS\AkPnBcht\MUS\MAPS_MUS-chpn-p14_AkPnBcht.wav,29.675668934240363
7,F:\MAPS\AkPnBcht\MUS\MAPS_MUS-chpn-p1_AkPnBcht.mid,F:\MAPS\AkPnBcht\MUS\MAPS_MUS-chpn-p1_AkPnBcht.wav,33.21768707482993
8,F:\MAPS\AkPnBcht\MUS\MAPS_MUS-chpn-p24_AkPnBcht.mid,F:\MAPS\AkPnBcht\MUS\MAPS_MUS-chpn-p24_AkPnBcht.wav,125.21879818594104
9,F:\MAPS\AkPnBcht\MUS\MAPS_MUS-chpn-p3_AkPnBcht.mid,F:\MAPS\AkPnBcht\MUS\MAPS_MUS-chpn-p3_AkPnBcht.wav,53.63766439909297
10,F:\MAPS\AkPnBcht\MUS\MAPS_MUS-chpn-p4_AkPnBcht.mid,F:\MAPS\AkPnBcht\MUS\MAPS_MUS-chpn-p4_AkPnBcht.wav,104.27265306122449
11,F:\MAPS\AkPnBcht\MUS\MAPS_MUS-chpn-p8_AkPnBcht.mid,F:\MAPS\AkPnBcht\MUS\MAPS_MUS-chpn-p8_AkPnBcht.wav,91.15083900226757
12,F:\MAPS\AkPnBcht\MUS\MAPS_MUS-chpn_op25_e2_AkPnBcht.mid,F:\MAPS\AkPnBcht\MUS\MAPS_MUS-chpn_op25_e2_AkPnBcht.wav,91.2688888888889
13,F:\MAPS\AkPnBcht\MUS\MAPS_MUS-chpn_op66_AkPnBcht.mid,F:\MAPS\AkPnBcht\MUS\MAPS_MUS-chpn_op66_AkPnBcht.wav,275.0959410430839
14,F:\MAPS\AkPnBcht\MUS\MAPS_MUS-chp_op31_AkPnBcht.mid,F:\MAPS\AkPnBcht\MUS\MAPS_MUS-chp_op31_AkPnBcht.wav,516.5549433106576
15,F:\MAPS\AkPnBcht\MUS\MAPS_MUS-gra_esp_4_AkPnBcht.mid,F:\MAPS\AkPnBcht\MUS\MAPS_MUS-gra_esp_4_AkPnBcht.wav,284.878231292517
16,F:\MAPS\AkPnBcht\MUS\MAPS_MUS-grieg_waechter_AkPnBcht.mid,F:\MAPS\AkPnBcht\MUS\MAPS_MUS-grieg_waechter_AkPnBcht.wav,148.62167800453514
17,F:\MAPS\AkPnBcht\MUS\MAPS_MUS-grieg_walzer_AkPnBcht.mid,F:\MAPS\AkPnBcht\MUS\MAPS_MUS-grieg_walzer_AkPnBcht.wav,110.44034013605442
18,F:\MAPS\AkPnBcht\MUS\MAPS_MUS-grieg_zwerge_AkPnBcht.mid,F:\MAPS\AkPnBcht\MUS\MAPS_MUS-grieg_zwerge_AkPnBcht.wav,155.51839002267573
19,F:\MAPS\AkPnBcht\MUS\MAPS_MUS-hay_40_1_AkPnBcht.mid,F:\MAPS\AkPnBcht\MUS\MAPS_MUS-hay_40_1_AkPnBcht.wav,396.8679818594104
20,F:\MAPS\AkPnBcht\MUS\MAPS_MUS-muss_5_AkPnBcht.mid,F:\MAPS\AkPnBcht\MUS\MAPS_MUS-muss_5_AkPnBcht.wav,102.44721088435374
21,F:\MAPS\AkPnBcht\MUS\MAPS_MUS-mz_331_2_AkPnBcht.mid,F:\MAPS\AkPnBcht\MUS\MAPS_MUS-mz_331_2_AkPnBcht.wav,367.62897959183675
22,F:\MAPS\AkPnBcht\MUS\MAPS_MUS-schub_d760_1_AkPnBcht.mid,F:\MAPS\AkPnBcht\MUS\MAPS_MUS-schub_d760_1_AkPnBcht.wav,353.89675736961453
23,F:\MAPS\AkPnBcht\MUS\MAPS_MUS-schumm-6_AkPnBcht.mid,F:\MAPS\AkPnBcht\MUS\MAPS_MUS-schumm-6_AkPnBcht.wav,315.4509297052154
24,F:\MAPS\AkPnBcht\MUS\MAPS_MUS-schu_143_1_AkPnBcht.mid,F:\MAPS\AkPnBcht\MUS\MAPS_MUS-schu_143_1_AkPnBcht.wav,749.9702947845805
25,F:\MAPS\AkPnBcht\MUS\MAPS_MUS-scn15_3_AkPnBcht.mid,F:\MAPS\AkPnBcht\MUS\MAPS_MUS-scn15_3_AkPnBcht.wav,33.85879818594104
26,F:\MAPS\AkPnBcht\MUS\MAPS_MUS-scn15_7_AkPnBcht.mid,F:\MAPS\AkPnBcht\MUS\MAPS_MUS-scn15_7_AkPnBcht.wav,130.79913832199546
27,F:\MAPS\AkPnBcht\MUS\MAPS_MUS-scn16_2_AkPnBcht.mid,F:\MAPS\AkPnBcht\MUS\MAPS_MUS-scn16_2_AkPnBcht.wav,442.31712018140587
28,F:\MAPS\AkPnBcht\MUS\MAPS_MUS-ty_juli_AkPnBcht.mid,F:\MAPS\AkPnBcht\MUS\MAPS_MUS-ty_juli_AkPnBcht.wav,114.54809523809524
29,F:\MAPS\AkPnBcht\MUS\MAPS_MUS-ty_mai_AkPnBcht.mid,F:\MAPS\AkPnBcht\MUS\MAPS_MUS-ty_mai_AkPnBcht.wav,194.0467573696145
30,F:\MAPS\AkPnBsdf\MUS\MAPS_MUS-alb_se3_AkPnBsdf.mid,F:\MAPS\AkPnBsdf\MUS\MAPS_MUS-alb_se3_AkPnBsdf.wav,250.07780045351473
31,F:\MAPS\AkPnBsdf\MUS\MAPS_MUS-alb_se4_AkPnBsdf.mid,F:\MAPS\AkPnBsdf\MUS\MAPS_MUS-alb_se4_AkPnBsdf.wav,219.08614512471655
32,F:\MAPS\AkPnBsdf\MUS\MAPS_MUS-alb_se7_AkPnBsdf.mid,F:\MAPS\AkPnBsdf\MUS\MAPS_MUS-alb_se7_AkPnBsdf.wav,154.18648526077098
33,F:\MAPS\AkPnBsdf\MUS\MAPS_MUS-appass_1_AkPnBsdf.mid,F:\MAPS\AkPnBsdf\MUS\MAPS_MUS-appass_1_AkPnBsdf.wav,560.6767800453515
34,F:\MAPS\AkPnBsdf\MUS\MAPS_MUS-bach_850_AkPnBsdf.mid,F:\MAPS\AkPnBsdf\MUS\MAPS_MUS-bach_850_AkPnBsdf.wav,175.47319727891156
35,F:\MAPS\AkPnBsdf\MUS\MAPS_MUS-bk_xmas1_AkPnBsdf.mid,F:\MAPS\AkPnBsdf\MUS\MAPS_MUS-bk_xmas1_AkPnBsdf.wav,385.854126984127
36,F:\MAPS\AkPnBsdf\MUS\MAPS_MUS-bor_ps6_AkPnBsdf.mid,F:\MAPS\AkPnBsdf\MUS\MAPS_MUS-bor_ps6_AkPnBsdf.wav,115.03866213151927
37,F:\MAPS\AkPnBsdf\MUS\MAPS_MUS-br_im5_AkPnBsdf.mid,F:\MAPS\AkPnBsdf\MUS\MAPS_MUS-br_im5_AkPnBsdf.wav,176.43605442176872
38,F:\MAPS\AkPnBsdf\MUS\MAPS_MUS-chpn-p19_AkPnBsdf.mid,F:\MAPS\AkPnBsdf\MUS\MAPS_MUS-chpn-p19_AkPnBsdf.wav,69.22471655328798
39,F:\MAPS\AkPnBsdf\MUS\MAPS_MUS-chpn-p1_AkPnBsdf.mid,F:\MAPS\AkPnBsdf\MUS\MAPS_MUS-chpn-p1_AkPnBsdf.wav,33.21768707482993
40,F:\MAPS\AkPnBsdf\MUS\MAPS_MUS-chpn-p21_AkPnBsdf.mid,F:\MAPS\AkPnBsdf\MUS\MAPS_MUS-chpn-p21_AkPnBsdf.wav,104.92458049886622
41,F:\MAPS\AkPnBsdf\MUS\MAPS_MUS-chpn-p4_AkPnBsdf.mid,F:\MAPS\AkPnBsdf\MUS\MAPS_MUS-chpn-p4_AkPnBsdf.wav,104.27263038548753
42,F:\MAPS\AkPnBsdf\MUS\MAPS_MUS-chpn-p9_AkPnBsdf.mid,F:\MAPS\AkPnBsdf\MUS\MAPS_MUS-chpn-p9_AkPnBsdf.wav,91.27317460317461
43,F:\MAPS\AkPnBsdf\MUS\MAPS_MUS-grieg_butterfly_AkPnBsdf.mid,F:\MAPS\AkPnBsdf\MUS\MAPS_MUS-grieg_butterfly_AkPnBsdf.wav,100.21206349206349
44,F:\MAPS\AkPnBsdf\MUS\MAPS_MUS-grieg_elfentanz_AkPnBsdf.mid,F:\MAPS\AkPnBsdf\MUS\MAPS_MUS-grieg_elfentanz_AkPnBsdf.wav,55.387573696145125
45,F:\MAPS\AkPnBsdf\MUS\MAPS_MUS-grieg_halling_AkPnBsdf.mid,F:\MAPS\AkPnBsdf\MUS\MAPS_MUS-grieg_halling_AkPnBsdf.wav,51.53873015873016
46,F:\MAPS\AkPnBsdf\MUS\MAPS_MUS-grieg_wanderer_AkPnBsdf.mid,F:\MAPS\AkPnBsdf\MUS\MAPS_MUS-grieg_wanderer_AkPnBsdf.wav,102.84557823129252
47,F:\MAPS\AkPnBsdf\MUS\MAPS_MUS-liz_et6_AkPnBsdf.mid,F:\MAPS\AkPnBsdf\MUS\MAPS_MUS-liz_et6_AkPnBsdf.wav,327.5102267573696
48,F:\MAPS\AkPnBsdf\MUS\MAPS_MUS-liz_rhap10_AkPnBsdf.mid,F:\MAPS\AkPnBsdf\MUS\MAPS_MUS-liz_rhap10_AkPnBsdf.wav,284.4521088435374
49,F:\MAPS\AkPnBsdf\MUS\MAPS_MUS-mond_1_AkPnBsdf.mid,F:\MAPS\AkPnBsdf\MUS\MAPS_MUS-mond_1_AkPnBsdf.wav,364.4842857142857
50,F:\MAPS\AkPnBsdf\MUS\MAPS_MUS-mos_op36_6_AkPnBsdf.mid,F:\MAPS\AkPnBsdf\MUS\MAPS_MUS-mos_op36_6_AkPnBsdf.wav,151.68451247165532
51,F:\MAPS\AkPnBsdf\MUS\MAPS_MUS-muss_4_AkPnBsdf.mid,F:\MAPS\AkPnBsdf\MUS\MAPS_MUS-muss_4_AkPnBsdf.wav,170.7501133786848
52,F:\MAPS\AkPnBsdf\MUS\MAPS_MUS-mz_331_2_AkPnBsdf.mid,F:\MAPS\AkPnBsdf\MUS\MAPS_MUS-mz_331_2_AkPnBsdf.wav,367.62897959183675
53,F:\MAPS\AkPnBsdf\MUS\MAPS_MUS-mz_331_3_AkPnBsdf.mid,F:\MAPS\AkPnBsdf\MUS\MAPS_MUS-mz_331_3_AkPnBsdf.wav,192.18240362811792
54,F:\MAPS\AkPnBsdf\MUS\MAPS_MUS-mz_332_1_AkPnBsdf.mid,F:\MAPS\AkPnBsdf\MUS\MAPS_MUS-mz_332_1_AkPnBsdf.wav,573.3733333333333
55,F:\MAPS\AkPnBsdf\MUS\MAPS_MUS-scn16_4_AkPnBsdf.mid,F:\MAPS\AkPnBsdf\MUS\MAPS_MUS-scn16_4_AkPnBsdf.wav,209.22183673469388
56,F:\MAPS\AkPnBsdf\MUS\MAPS_MUS-ty_dezember_AkPnBsdf.mid,F:\MAPS\AkPnBsdf\MUS\MAPS_MUS-ty_dezember_AkPnBsdf.wav,240.64839002267573
57,F:\MAPS\AkPnBsdf\MUS\MAPS_MUS-ty_juli_AkPnBsdf.mid,F:\MAPS\AkPnBsdf\MUS\MAPS_MUS-ty_juli_AkPnBsdf.wav,114.54809523809524
58,F:\MAPS\AkPnBsdf\MUS\MAPS_MUS-ty_juni_AkPnBsdf.mid,F:\MAPS\AkPnBsdf\MUS\MAPS_MUS-ty_juni_AkPnBsdf.wav,234.04106575963718
59,F:\MAPS\AkPnBsdf\MUS\MAPS_MUS-waldstein_1_AkPnBsdf.mid,F:\MAPS\AkPnBsdf\MUS\MAPS_MUS-waldstein_1_AkPnBsdf.wav,620.9335827664399
60,F:\MAPS\AkPnCGdD\MUS\MAPS_MUS-alb_esp2_AkPnCGdD.mid,F:\MAPS\AkPnCGdD\MUS\MAPS_MUS-alb_esp2_AkPnCGdD.wav,127.45591836734694
61,F:\MAPS\AkPnCGdD\MUS\MAPS_MUS-alb_esp3_AkPnCGdD.mid,F:\MAPS\AkPnCGdD\MUS\MAPS_MUS-alb_esp3_AkPnCGdD.wav,175.26544217687075
62,F:\MAPS\AkPnCGdD\MUS\MAPS_MUS-bk_xmas5_AkPnCGdD.mid,F:\MAPS\AkPnCGdD\MUS\MAPS_MUS-bk_xmas5_AkPnCGdD.wav,395.8281179138322
63,F:\MAPS\AkPnCGdD\MUS\MAPS_MUS-bor_ps1_AkPnCGdD.mid,F:\MAPS\AkPnCGdD\MUS\MAPS_MUS-bor_ps1_AkPnCGdD.wav,261.02160997732426
64,F:\MAPS\AkPnCGdD\MUS\MAPS_MUS-br_im2_AkPnCGdD.mid,F:\MAPS\AkPnCGdD\MUS\MAPS_MUS-br_im2_AkPnCGdD.wav,162.9803628117914
65,F:\MAPS\AkPnCGdD\MUS\MAPS_MUS-br_im5_AkPnCGdD.mid,F:\MAPS\AkPnCGdD\MUS\MAPS_MUS-br_im5_AkPnCGdD.wav,176.43607709750566
66,F:\MAPS\AkPnCGdD\MUS\MAPS_MUS-chpn-p11-format0_AkPnCGdD.mid,F:\MAPS\AkPnCGdD\MUS\MAPS_MUS-chpn-p11-format0_AkPnCGdD.wav,32.77759637188208
67,F:\MAPS\AkPnCGdD\MUS\MAPS_MUS-chpn-p11_AkPnCGdD.mid,F:\MAPS\AkPnCGdD\MUS\MAPS_MUS-chpn-p11_AkPnCGdD.wav,32.77759637188208
68,F:\MAPS\AkPnCGdD\MUS\MAPS_MUS-chpn-p13_AkPnCGdD.mid,F:\MAPS\AkPnCGdD\MUS\MAPS_MUS-chpn-p13_AkPnCGdD.wav,155.48521541950115
69,F:\MAPS\AkPnCGdD\MUS\MAPS_MUS-chpn-p14_AkPnCGdD.mid,F:\MAPS\AkPnCGdD\MUS\MAPS_MUS-chpn-p14_AkPnCGdD.wav,29.675646258503402
70,F:\MAPS\AkPnCGdD\MUS\MAPS_MUS-chpn-p15_AkPnCGdD.mid,F:\MAPS\AkPnCGdD\MUS\MAPS_MUS-chpn-p15_AkPnCGdD.wav,274.60462585034014
71,F:\MAPS\AkPnCGdD\MUS\MAPS_MUS-chpn-p20_AkPnCGdD.mid,F:\MAPS\AkPnCGdD\MUS\MAPS_MUS-chpn-p20_AkPnCGdD.wav,88.88655328798185
72,F:\MAPS\AkPnCGdD\MUS\MAPS_MUS-chpn-p7_AkPnCGdD.mid,F:\MAPS\AkPnCGdD\MUS\MAPS_MUS-chpn-p7_AkPnCGdD.wav,39.44555555555556
73,F:\MAPS\AkPnCGdD\MUS\MAPS_MUS-chpn_op10_e01_AkPnCGdD.mid,F:\MAPS\AkPnCGdD\MUS\MAPS_MUS-chpn_op10_e01_AkPnCGdD.wav,112.96902494331066
74,F:\MAPS\AkPnCGdD\MUS\MAPS_MUS-chpn_op10_e12_AkPnCGdD.mid,F:\MAPS\AkPnCGdD\MUS\MAPS_MUS-chpn_op10_e12_AkPnCGdD.wav,141.26628117913833
75,F:\MAPS\AkPnCGdD\MUS\MAPS_MUS-chpn_op27_1_AkPnCGdD.mid,F:\MAPS\AkPnCGdD\MUS\MAPS_MUS-chpn_op27_1_AkPnCGdD.wav,291.8042403628118
76,F:\MAPS\AkPnCGdD\MUS\MAPS_MUS-chp_op18_AkPnCGdD.mid,F:\MAPS\AkPnCGdD\MUS\MAPS_MUS-chp_op18_AkPnCGdD.wav,311.4016553287982
77,F:\MAPS\AkPnCGdD\MUS\MAPS_MUS-grieg_kobold_AkPnCGdD.mid,F:\MAPS\AkPnCGdD\MUS\MAPS_MUS-grieg_kobold_AkPnCGdD.wav,86.95117913832199
78,F:\MAPS\AkPnCGdD\MUS\MAPS_MUS-liz_et5_AkPnCGdD.mid,F:\MAPS\AkPnCGdD\MUS\MAPS_MUS-liz_et5_AkPnCGdD.wav,193.0157142857143
79,F:\MAPS\AkPnCGdD\MUS\MAPS_MUS-liz_et6_AkPnCGdD.mid,F:\MAPS\AkPnCGdD\MUS\MAPS_MUS-liz_et6_AkPnCGdD.wav,327.5102267573696
80,F:\MAPS\AkPnCGdD\MUS\MAPS_MUS-liz_et_trans5_AkPnCGdD.mid,F:\MAPS\AkPnCGdD\MUS\MAPS_MUS-liz_et_trans5_AkPnCGdD.wav,197.54319727891158
81,F:\MAPS\AkPnCGdD\MUS\MAPS_MUS-liz_rhap02_AkPnCGdD.mid,F:\MAPS\AkPnCGdD\MUS\MAPS_MUS-liz_rhap02_AkPnCGdD.wav,527.3949886621315
82,F:\MAPS\AkPnCGdD\MUS\MAPS_MUS-mendel_op53_5_AkPnCGdD.mid,F:\MAPS\AkPnCGdD\MUS\MAPS_MUS-mendel_op53_5_AkPnCGdD.wav,153.63507936507938
83,F:\MAPS\AkPnCGdD\MUS\MAPS_MUS-muss_2_AkPnCGdD.mid,F:\MAPS\AkPnCGdD\MUS\MAPS_MUS-muss_2_AkPnCGdD.wav,273.63081632653063
84,F:\MAPS\AkPnCGdD\MUS\MAPS_MUS-mz_333_2_AkPnCGdD.mid,F:\MAPS\AkPnCGdD\MUS\MAPS_MUS-mz_333_2_AkPnCGdD.wav,524.6232653061224
85,F:\MAPS\AkPnCGdD\MUS\MAPS_MUS-schub_d960_3_AkPnCGdD.mid,F:\MAPS\AkPnCGdD\MUS\MAPS_MUS-schub_d960_3_AkPnCGdD.wav,234.55408163265307
86,F:\MAPS\AkPnCGdD\MUS\MAPS_MUS-schu_143_2_AkPnCGdD.mid,F:\MAPS\AkPnCGdD\MUS\MAPS_MUS-schu_143_2_AkPnCGdD.wav,229.03267573696147
87,F:\MAPS\AkPnCGdD\MUS\MAPS_MUS-scn16_4_AkPnCGdD.mid,F:\MAPS\AkPnCGdD\MUS\MAPS_MUS-scn16_4_AkPnCGdD.wav,209.22183673469388
88,F:\MAPS\AkPnCGdD\MUS\MAPS_MUS-ty_februar_AkPnCGdD.mid,F:\MAPS\AkPnCGdD\MUS\MAPS_MUS-ty_februar_AkPnCGdD.wav,164.1543537414966
89,F:\MAPS\AkPnCGdD\MUS\MAPS_MUS-waldstein_2_AkPnCGdD.mid,F:\MAPS\AkPnCGdD\MUS\MAPS_MUS-waldstein_2_AkPnCGdD.wav,248.5822902494331
90,F:\MAPS\AkPnStgb\MUS\MAPS_MUS-alb_esp2_AkPnStgb.mid,F:\MAPS\AkPnStgb\MUS\MAPS_MUS-alb_esp2_AkPnStgb.wav,127.4559410430839
91,F:\MAPS\AkPnStgb\MUS\MAPS_MUS-alb_esp4_AkPnStgb.mid,F:\MAPS\AkPnStgb\MUS\MAPS_MUS-alb_esp4_AkPnStgb.wav,193.36478458049888
92,F:\MAPS\AkPnStgb\MUS\MAPS_MUS-alb_se6_AkPnStgb.mid,F:\MAPS\AkPnStgb\MUS\MAPS_MUS-alb_se6_AkPnStgb.wav,240.68172335600906
93,F:\MAPS\AkPnStgb\MUS\MAPS_MUS-appass_3_AkPnStgb.mid,F:\MAPS\AkPnStgb\MUS\MAPS_MUS-appass_3_AkPnStgb.wav,467.12888888888887
94,F:\MAPS\AkPnStgb\MUS\MAPS_MUS-bach_847_AkPnStgb.mid,F:\MAPS\AkPnStgb\MUS\MAPS_MUS-bach_847_AkPnStgb.wav,192.25578231292516
95,F:\MAPS\AkPnStgb\MUS\MAPS_MUS-bk_xmas1_AkPnStgb.mid,F:\MAPS\AkPnStgb\MUS\MAPS_MUS-bk_xmas1_AkPnStgb.wav,385.854126984127
96,F:\MAPS\AkPnStgb\MUS\MAPS_MUS-bk_xmas2_AkPnStgb.mid,F:\MAPS\AkPnStgb\MUS\MAPS_MUS-bk_xmas2_AkPnStgb.wav,401.2797052154195
97,F:\MAPS\AkPnStgb\MUS\MAPS_MUS-bk_xmas3_AkPnStgb.mid,F:\MAPS\AkPnStgb\MUS\MAPS_MUS-bk_xmas3_AkPnStgb.wav,500.2933560090703
98,F:\MAPS\AkPnStgb\MUS\MAPS_MUS-bor_ps5_AkPnStgb.mid,F:\MAPS\AkPnStgb\MUS\MAPS_MUS-bor_ps5_AkPnStgb.wav,97.32378684807256
99,F:\MAPS\AkPnStgb\MUS\MAPS_MUS-br_im6_AkPnStgb.mid,F:\MAPS\AkPnStgb\MUS\MAPS_MUS-br_im6_AkPnStgb.wav,141.23126984126984
100,F:\MAPS\AkPnStgb\MUS\MAPS_MUS-chpn-p10_AkPnStgb.mid,F:\MAPS\AkPnStgb\MUS\MAPS_MUS-chpn-p10_AkPnStgb.wav,25.806009070294785
101,F:\MAPS\AkPnStgb\MUS\MAPS_MUS-chpn-p16_AkPnStgb.mid,F:\MAPS\AkPnStgb\MUS\MAPS_MUS-chpn-p16_AkPnStgb.wav,62.73696145124717
102,F:\MAPS\AkPnStgb\MUS\MAPS_MUS-chpn_op27_2_AkPnStgb.mid,F:\MAPS\AkPnStgb\MUS\MAPS_MUS-chpn_op27_2_AkPnStgb.wav,311.9896598639456
103,F:\MAPS\AkPnStgb\MUS\MAPS_MUS-chpn_op35_3_AkPnStgb.mid,F:\MAPS\AkPnStgb\MUS\MAPS_MUS-chpn_op35_3_AkPnStgb.wav,448.2390022675737
104,F:\MAPS\AkPnStgb\MUS\MAPS_MUS-chp_op31_AkPnStgb.mid,F:\MAPS\AkPnStgb\MUS\MAPS_MUS-chp_op31_AkPnStgb.wav,516.5549433106576
105,F:\MAPS\AkPnStgb\MUS\MAPS_MUS-gra_esp_2_AkPnStgb.mid,F:\MAPS\AkPnStgb\MUS\MAPS_MUS-gra_esp_2_AkPnStgb.wav,209.9081859410431
106,F:\MAPS\AkPnStgb\MUS\MAPS_MUS-grieg_kobold_AkPnStgb.mid,F:\MAPS\AkPnStgb\MUS\MAPS_MUS-grieg_kobold_AkPnStgb.wav,86.95117913832199
107,F:\MAPS\AkPnStgb\MUS\MAPS_MUS-liz_et2_AkPnStgb.mid,F:\MAPS\AkPnStgb\MUS\MAPS_MUS-liz_et2_AkPnStgb.wav,320.7443764172336
108,F:\MAPS\AkPnStgb\MUS\MAPS_MUS-liz_et3_AkPnStgb.mid,F:\MAPS\AkPnStgb\MUS\MAPS_MUS-liz_et3_AkPnStgb.wav,246.36802721088435
109,F:\MAPS\AkPnStgb\MUS\MAPS_MUS-mond_3_AkPnStgb.mid,F:\MAPS\AkPnStgb\MUS\MAPS_MUS-mond_3_AkPnStgb.wav,412.86124716553286
110,F:\MAPS\AkPnStgb\MUS\MAPS_MUS-mz_333_1_AkPnStgb.mid,F:\MAPS\AkPnStgb\MUS\MAPS_MUS-mz_333_1_AkPnStgb.wav,693.5837414965987
111,F:\MAPS\AkPnStgb\MUS\MAPS_MUS-schub_d960_3_AkPnStgb.mid,F:\MAPS\AkPnStgb\MUS\MAPS_MUS-schub_d960_3_AkPnStgb.wav,234.55410430839
112,F:\MAPS\AkPnStgb\MUS\MAPS_MUS-schuim-1_AkPnStgb.mid,F:\MAPS\AkPnStgb\MUS\MAPS_MUS-schuim-1_AkPnStgb.wav,466.58843537414964
113,F:\MAPS\AkPnStgb\MUS\MAPS_MUS-schuim-3_AkPnStgb.mid,F:\MAPS\AkPnStgb\MUS\MAPS_MUS-schuim-3_AkPnStgb.wav,315.31249433106575
114,F:\MAPS\AkPnStgb\MUS\MAPS_MUS-schumm-1_AkPnStgb.mid,F:\MAPS\AkPnStgb\MUS\MAPS_MUS-schumm-1_AkPnStgb.wav,269.7098185941043
115,F:\MAPS\AkPnStgb\MUS\MAPS_MUS-schumm-3_AkPnStgb.mid,F:\MAPS\AkPnStgb\MUS\MAPS_MUS-schumm-3_AkPnStgb.wav,106.95591836734694
116,F:\MAPS\AkPnStgb\MUS\MAPS_MUS-scn15_13_AkPnStgb.mid,F:\MAPS\AkPnStgb\MUS\MAPS_MUS-scn15_13_AkPnStgb.wav,79.96176870748299
117,F:\MAPS\AkPnStgb\MUS\MAPS_MUS-ty_januar_AkPnStgb.mid,F:\MAPS\AkPnStgb\MUS\MAPS_MUS-ty_januar_AkPnStgb.wav,283.70097505668934
118,F:\MAPS\AkPnStgb\MUS\MAPS_MUS-ty_september_AkPnStgb.mid,F:\MAPS\AkPnStgb\MUS\MAPS_MUS-ty_september_AkPnStgb.wav,164.68596371882086
119,F:\MAPS\AkPnStgb\MUS\MAPS_MUS-waldstein_1_AkPnStgb.mid,F:\MAPS\AkPnStgb\MUS\MAPS_MUS-waldstein_1_AkPnStgb.wav,620.9336054421768
120,F:\MAPS\ENSTDkAm2\MUS\MAPS_MUS-bk_xmas1_ENSTDkAm.mid,F:\MAPS\ENSTDkAm2\MUS\MAPS_MUS-bk_xmas1_ENSTDkAm.wav,385.4319954648526
121,F:\MAPS\ENSTDkAm2\MUS\MAPS_MUS-chpn-p14_ENSTDkAm.mid,F:\MAPS\ENSTDkAm2\MUS\MAPS_MUS-chpn-p14_ENSTDkAm.wav,29.25199546485261
122,F:\MAPS\ENSTDkAm2\MUS\MAPS_MUS-chpn-p15_ENSTDkAm.mid,F:\MAPS\ENSTDkAm2\MUS\MAPS_MUS-chpn-p15_ENSTDkAm.wav,274.1739909297052
123,F:\MAPS\ENSTDkAm2\MUS\MAPS_MUS-chpn-p4_ENSTDkAm.mid,F:\MAPS\ENSTDkAm2\MUS\MAPS_MUS-chpn-p4_ENSTDkAm.wav,103.8419954648526
124,F:\MAPS\ENSTDkAm2\MUS\MAPS_MUS-chpn_op25_e3_ENSTDkAm.mid,F:\MAPS\ENSTDkAm2\MUS\MAPS_MUS-chpn_op25_e3_ENSTDkAm.wav,106.14199546485261
125,F:\MAPS\ENSTDkAm2\MUS\MAPS_MUS-chpn_op25_e4_ENSTDkAm.mid,F:\MAPS\ENSTDkAm2\MUS\MAPS_MUS-chpn_op25_e4_ENSTDkAm.wav,92.91897959183673
126,F:\MAPS\ENSTDkAm2\MUS\MAPS_MUS-chpn_op33_2_ENSTDkAm.mid,F:\MAPS\ENSTDkAm2\MUS\MAPS_MUS-chpn_op33_2_ENSTDkAm.wav,141.8339909297052
127,F:\MAPS\ENSTDkAm2\MUS\MAPS_MUS-chpn_op35_1_ENSTDkAm.mid,F:\MAPS\ENSTDkAm2\MUS\MAPS_MUS-chpn_op35_1_ENSTDkAm.wav,394.39498866213154
128,F:\MAPS\ENSTDkAm2\MUS\MAPS_MUS-chpn_op66_ENSTDkAm.mid,F:\MAPS\ENSTDkAm2\MUS\MAPS_MUS-chpn_op66_ENSTDkAm.wav,276.5019954648526
129,F:\MAPS\ENSTDkAm2\MUS\MAPS_MUS-chpn_op7_1_ENSTDkAm.mid,F:\MAPS\ENSTDkAm2\MUS\MAPS_MUS-chpn_op7_1_ENSTDkAm.wav,136.8619954648526
130,F:\MAPS\ENSTDkAm2\MUS\MAPS_MUS-grieg_butterfly_ENSTDkAm.mid,F:\MAPS\ENSTDkAm2\MUS\MAPS_MUS-grieg_butterfly_ENSTDkAm.wav,99.78199546485261
131,F:\MAPS\ENSTDkAm2\MUS\MAPS_MUS-grieg_kobold_ENSTDkAm.mid,F:\MAPS\ENSTDkAm2\MUS\MAPS_MUS-grieg_kobold_ENSTDkAm.wav,86.52199546485261
132,F:\MAPS\ENSTDkAm2\MUS\MAPS_MUS-liz_rhap02_ENSTDkAm.mid,F:\MAPS\ENSTDkAm2\MUS\MAPS_MUS-liz_rhap02_ENSTDkAm.wav,526.9679818594104
133,F:\MAPS\ENSTDkAm2\MUS\MAPS_MUS-liz_rhap09_ENSTDkAm.mid,F:\MAPS\ENSTDkAm2\MUS\MAPS_MUS-liz_rhap09_ENSTDkAm.wav,634.4359863945579
134,F:\MAPS\ENSTDkAm2\MUS\MAPS_MUS-liz_rhap12_ENSTDkAm.mid,F:\MAPS\ENSTDkAm2\MUS\MAPS_MUS-liz_rhap12_ENSTDkAm.wav,524.1229931972789
135,F:\MAPS\ENSTDkAm2\MUS\MAPS_MUS-mendel_op62_5_ENSTDkAm.mid,F:\MAPS\ENSTDkAm2\MUS\MAPS_MUS-mendel_op62_5_ENSTDkAm.wav,158.83798185941043
136,F:\MAPS\ENSTDkAm2\MUS\MAPS_MUS-muss_1_ENSTDkAm.mid,F:\MAPS\ENSTDkAm2\MUS\MAPS_MUS-muss_1_ENSTDkAm.wav,211.49798185941043
137,F:\MAPS\ENSTDkAm2\MUS\MAPS_MUS-pathetique_2_ENSTDkAm.mid,F:\MAPS\ENSTDkAm2\MUS\MAPS_MUS-pathetique_2_ENSTDkAm.wav,306.0479818594104
138,F:\MAPS\ENSTDkAm2\MUS\MAPS_MUS-pathetique_3_ENSTDkAm.mid,F:\MAPS\ENSTDkAm2\MUS\MAPS_MUS-pathetique_3_ENSTDkAm.wav,258.4139909297052
139,F:\MAPS\ENSTDkAm2\MUS\MAPS_MUS-schub_d760_3_ENSTDkAm.mid,F:\MAPS\ENSTDkAm2\MUS\MAPS_MUS-schub_d760_3_ENSTDkAm.wav,260.71199546485263
140,F:\MAPS\ENSTDkAm2\MUS\MAPS_MUS-schumm-1_ENSTDkAm.mid,F:\MAPS\ENSTDkAm2\MUS\MAPS_MUS-schumm-1_ENSTDkAm.wav,269.2839909297052
141,F:\MAPS\ENSTDkAm2\MUS\MAPS_MUS-schu_143_1_ENSTDkAm.mid,F:\MAPS\ENSTDkAm2\MUS\MAPS_MUS-schu_143_1_ENSTDkAm.wav,749.5439909297052
142,F:\MAPS\ENSTDkAm2\MUS\MAPS_MUS-scn15_11_ENSTDkAm.mid,F:\MAPS\ENSTDkAm2\MUS\MAPS_MUS-scn15_11_ENSTDkAm.wav,78.48299319727892
143,F:\MAPS\ENSTDkAm2\MUS\MAPS_MUS-scn15_6_ENSTDkAm.mid,F:\MAPS\ENSTDkAm2\MUS\MAPS_MUS-scn15_6_ENSTDkAm.wav,49.864988662131516
144,F:\MAPS\ENSTDkAm2\MUS\MAPS_MUS-scn15_9_ENSTDkAm.mid,F:\MAPS\ENSTDkAm2\MUS\MAPS_MUS-scn15_9_ENSTDkAm.wav,39.92299319727891
145,F:\MAPS\ENSTDkAm2\MUS\MAPS_MUS-scn16_4_ENSTDkAm.mid,F:\MAPS\ENSTDkAm2\MUS\MAPS_MUS-scn16_4_ENSTDkAm.wav,208.7909977324263
146,F:\MAPS\ENSTDkAm2\MUS\MAPS_MUS-ty_maerz_ENSTDkAm.mid,F:\MAPS\ENSTDkAm2\MUS\MAPS_MUS-ty_maerz_ENSTDkAm.wav,136.63798185941044
147,F:\MAPS\ENSTDkAm2\MUS\MAPS_MUS-ty_mai_ENSTDkAm.mid,F:\MAPS\ENSTDkAm2\MUS\MAPS_MUS-ty_mai_ENSTDkAm.wav,193.61698412698414
148,F:\MAPS\ENSTDkAm2\MUS\MAPS_MUS-ty_november_ENSTDkAm.mid,F:\MAPS\ENSTDkAm2\MUS\MAPS_MUS-ty_november_ENSTDkAm.wav,177.46498866213153
149,F:\MAPS\ENSTDkAm2\MUS\MAPS_MUS-waldstein_1_ENSTDkAm.mid,F:\MAPS\ENSTDkAm2\MUS\MAPS_MUS-waldstein_1_ENSTDkAm.wav,620.5149886621315
150,F:\MAPS\ENSTDkCl\MUS\MAPS_MUS-alb_se2_ENSTDkCl.mid,F:\MAPS\ENSTDkCl\MUS\MAPS_MUS-alb_se2_ENSTDkCl.wav,238.6449886621315
151,F:\MAPS\ENSTDkCl\MUS\MAPS_MUS-bk_xmas1_ENSTDkCl.mid,F:\MAPS\ENSTDkCl\MUS\MAPS_MUS-bk_xmas1_ENSTDkCl.wav,385.52498866213153
152,F:\MAPS\ENSTDkCl\MUS\MAPS_MUS-bk_xmas4_ENSTDkCl.mid,F:\MAPS\ENSTDkCl\MUS\MAPS_MUS-bk_xmas4_ENSTDkCl.wav,230.5239909297052
153,F:\MAPS\ENSTDkCl\MUS\MAPS_MUS-bk_xmas5_ENSTDkCl.mid,F:\MAPS\ENSTDkCl\MUS\MAPS_MUS-bk_xmas5_ENSTDkCl.wav,395.5019954648526
154,F:\MAPS\ENSTDkCl\MUS\MAPS_MUS-bor_ps6_ENSTDkCl.mid,F:\MAPS\ENSTDkCl\MUS\MAPS_MUS-bor_ps6_ENSTDkCl.wav,114.71498866213152
155,F:\MAPS\ENSTDkCl\MUS\MAPS_MUS-chpn-e01_ENSTDkCl.mid,F:\MAPS\ENSTDkCl\MUS\MAPS_MUS-chpn-e01_ENSTDkCl.wav,112.6480045351474
156,F:\MAPS\ENSTDkCl\MUS\MAPS_MUS-chpn-p19_ENSTDkCl.mid,F:\MAPS\ENSTDkCl\MUS\MAPS_MUS-chpn-p19_ENSTDkCl.wav,68.89900226757369
157,F:\MAPS\ENSTDkCl\MUS\MAPS_MUS-deb_clai_ENSTDkCl.mid,F:\MAPS\ENSTDkCl\MUS\MAPS_MUS-deb_clai_ENSTDkCl.wav,249.9539909297052
158,F:\MAPS\ENSTDkCl\MUS\MAPS_MUS-deb_menu_ENSTDkCl.mid,F:\MAPS\ENSTDkCl\MUS\MAPS_MUS-deb_menu_ENSTDkCl.wav,251.0329931972789
159,F:\MAPS\ENSTDkCl\MUS\MAPS_MUS-grieg_butterfly_ENSTDkCl.mid,F:\MAPS\ENSTDkCl\MUS\MAPS_MUS-grieg_butterfly_ENSTDkCl.wav,99.88399092970522
160,F:\MAPS\ENSTDkCl\MUS\MAPS_MUS-liz_et6_ENSTDkCl.mid,F:\MAPS\ENSTDkCl\MUS\MAPS_MUS-liz_et6_ENSTDkCl.wav,327.1849886621315
161,F:\MAPS\ENSTDkCl\MUS\MAPS_MUS-liz_et_trans5_ENSTDkCl.mid,F:\MAPS\ENSTDkCl\MUS\MAPS_MUS-liz_et_trans5_ENSTDkCl.wav,197.21897959183673
162,F:\MAPS\ENSTDkCl\MUS\MAPS_MUS-liz_rhap09_ENSTDkCl.mid,F:\MAPS\ENSTDkCl\MUS\MAPS_MUS-liz_rhap09_ENSTDkCl.wav,634.5380045351474
163,F:\MAPS\ENSTDkCl\MUS\MAPS_MUS-mz_311_1_ENSTDkCl.mid,F:\MAPS\ENSTDkCl\MUS\MAPS_MUS-mz_311_1_ENSTDkCl.wav,261.70897959183674
164,F:\MAPS\ENSTDkCl\MUS\MAPS_MUS-mz_331_2_ENSTDkCl.mid,F:\MAPS\ENSTDkCl\MUS\MAPS_MUS-mz_331_2_ENSTDkCl.wav,367.3029931972789
165,F:\MAPS\ENSTDkCl\MUS\MAPS_MUS-mz_331_3_ENSTDkCl.mid,F:\MAPS\ENSTDkCl\MUS\MAPS_MUS-mz_331_3_ENSTDkCl.wav,191.85498866213152
166,F:\MAPS\ENSTDkCl\MUS\MAPS_MUS-mz_332_2_ENSTDkCl.mid,F:\MAPS\ENSTDkCl\MUS\MAPS_MUS-mz_332_2_ENSTDkCl.wav,267.4
167,F:\MAPS\ENSTDkCl\MUS\MAPS_MUS-mz_333_2_ENSTDkCl.mid,F:\MAPS\ENSTDkCl\MUS\MAPS_MUS-mz_333_2_ENSTDkCl.wav,524.3059863945579
168,F:\MAPS\ENSTDkCl\MUS\MAPS_MUS-mz_333_3_ENSTDkCl.mid,F:\MAPS\ENSTDkCl\MUS\MAPS_MUS-mz_333_3_ENSTDkCl.wav,349.43
169,F:\MAPS\ENSTDkCl\MUS\MAPS_MUS-mz_545_3_ENSTDkCl.mid,F:\MAPS\ENSTDkCl\MUS\MAPS_MUS-mz_545_3_ENSTDkCl.wav,107.42798185941044
170,F:\MAPS\ENSTDkCl\MUS\MAPS_MUS-mz_570_1_ENSTDkCl.mid,F:\MAPS\ENSTDkCl\MUS\MAPS_MUS-mz_570_1_ENSTDkCl.wav,478.1759863945578
171,F:\MAPS\ENSTDkCl\MUS\MAPS_MUS-pathetique_1_ENSTDkCl.mid,F:\MAPS\ENSTDkCl\MUS\MAPS_MUS-pathetique_1_ENSTDkCl.wav,561.2109977324263
172,F:\MAPS\ENSTDkCl\MUS\MAPS_MUS-schuim-1_ENSTDkCl.mid,F:\MAPS\ENSTDkCl\MUS\MAPS_MUS-schuim-1_ENSTDkCl.wav,466.2629931972789
173,F:\MAPS\ENSTDkCl\MUS\MAPS_MUS-schu_143_3_ENSTDkCl.mid,F:\MAPS\ENSTDkCl\MUS\MAPS_MUS-schu_143_3_ENSTDkCl.wav,328.52698412698413
174,F:\MAPS\ENSTDkCl\MUS\MAPS_MUS-scn15_11_ENSTDkCl.mid,F:\MAPS\ENSTDkCl\MUS\MAPS_MUS-scn15_11_ENSTDkCl.wav,78.57700680272109
175,F:\MAPS\ENSTDkCl\MUS\MAPS_MUS-scn15_12_ENSTDkCl.mid,F:\MAPS\ENSTDkCl\MUS\MAPS_MUS-scn15_12_ENSTDkCl.wav,85.4309977324263
176,F:\MAPS\ENSTDkCl\MUS\MAPS_MUS-scn16_3_ENSTDkCl.mid,F:\MAPS\ENSTDkCl\MUS\MAPS_MUS-scn16_3_ENSTDkCl.wav,256.07798185941044
177,F:\MAPS\ENSTDkCl\MUS\MAPS_MUS-scn16_4_ENSTDkCl.mid,F:\MAPS\ENSTDkCl\MUS\MAPS_MUS-scn16_4_ENSTDkCl.wav,208.9090022675737
178,F:\MAPS\ENSTDkCl\MUS\MAPS_MUS-ty_maerz_ENSTDkCl.mid,F:\MAPS\ENSTDkCl\MUS\MAPS_MUS-ty_maerz_ENSTDkCl.wav,136.7349886621315
179,F:\MAPS\ENSTDkCl\MUS\MAPS_MUS-ty_mai_ENSTDkCl.mid,F:\MAPS\ENSTDkCl\MUS\MAPS_MUS-ty_mai_ENSTDkCl.wav,193.7219954648526
180,F:\MAPS\SptkBGAm\MUS\MAPS_MUS-alb_esp2_SptkBGAm.mid,F:\MAPS\SptkBGAm\MUS\MAPS_MUS-alb_esp2_SptkBGAm.wav,127.4559410430839
181,F:\MAPS\SptkBGAm\MUS\MAPS_MUS-alb_se8_SptkBGAm.mid,F:\MAPS\SptkBGAm\MUS\MAPS_MUS-alb_se8_SptkBGAm.wav,269.85156462585036
182,F:\MAPS\SptkBGAm\MUS\MAPS_MUS-bach_846_SptkBGAm.mid,F:\MAPS\SptkBGAm\MUS\MAPS_MUS-bach_846_SptkBGAm.wav,228.05859410430838
183,F:\MAPS\SptkBGAm\MUS\MAPS_MUS-bor_ps2_SptkBGAm.mid,F:\MAPS\SptkBGAm\MUS\MAPS_MUS-bor_ps2_SptkBGAm.wav,165.06598639455783
184,F:\MAPS\SptkBGAm\MUS\MAPS_MUS-br_im2_SptkBGAm.mid,F:\MAPS\SptkBGAm\MUS\MAPS_MUS-br_im2_SptkBGAm.wav,162.98038548752834
185,F:\MAPS\SptkBGAm\MUS\MAPS_MUS-burg_quelle_SptkBGAm.mid,F:\MAPS\SptkBGAm\MUS\MAPS_MUS-burg_quelle_SptkBGAm.wav,109.43283446712019
186,F:\MAPS\SptkBGAm\MUS\MAPS_MUS-chpn-e01_SptkBGAm.mid,F:\MAPS\SptkBGAm\MUS\MAPS_MUS-chpn-e01_SptkBGAm.wav,112.96902494331066
187,F:\MAPS\SptkBGAm\MUS\MAPS_MUS-chpn-p6_SptkBGAm.mid,F:\MAPS\SptkBGAm\MUS\MAPS_MUS-chpn-p6_SptkBGAm.wav,92.95360544217687
188,F:\MAPS\SptkBGAm\MUS\MAPS_MUS-chpn_op10_e05_SptkBGAm.mid,F:\MAPS\SptkBGAm\MUS\MAPS_MUS-chpn_op10_e05_SptkBGAm.wav,93.87625850340136
189,F:\MAPS\SptkBGAm\MUS\MAPS_MUS-chpn_op25_e3_SptkBGAm.mid,F:\MAPS\SptkBGAm\MUS\MAPS_MUS-chpn_op25_e3_SptkBGAm.wav,106.57201814058956
190,F:\MAPS\SptkBGAm\MUS\MAPS_MUS-chpn_op33_2_SptkBGAm.mid,F:\MAPS\SptkBGAm\MUS\MAPS_MUS-chpn_op33_2_SptkBGAm.wav,142.26321995464852
191,F:\MAPS\SptkBGAm\MUS\MAPS_MUS-chpn_op33_4_SptkBGAm.mid,F:\MAPS\SptkBGAm\MUS\MAPS_MUS-chpn_op33_4_SptkBGAm.wav,316.78439909297055
192,F:\MAPS\SptkBGAm\MUS\MAPS_MUS-chpn_op7_2_SptkBGAm.mid,F:\MAPS\SptkBGAm\MUS\MAPS_MUS-chpn_op7_2_SptkBGAm.wav,161.62068027210884
193,F:\MAPS\SptkBGAm\MUS\MAPS_MUS-deb_pass_SptkBGAm.mid,F:\MAPS\SptkBGAm\MUS\MAPS_MUS-deb_pass_SptkBGAm.wav,218.9772335600907
194,F:\MAPS\SptkBGAm\MUS\MAPS_MUS-gra_esp_3_SptkBGAm.mid,F:\MAPS\SptkBGAm\MUS\MAPS_MUS-gra_esp_3_SptkBGAm.wav,191.07931972789115
195,F:\MAPS\SptkBGAm\MUS\MAPS_MUS-grieg_elfentanz_SptkBGAm.mid,F:\MAPS\SptkBGAm\MUS\MAPS_MUS-grieg_elfentanz_SptkBGAm.wav,56.705238095238094
196,F:\MAPS\SptkBGAm\MUS\MAPS_MUS-grieg_wanderer_SptkBGAm.mid,F:\MAPS\SptkBGAm\MUS\MAPS_MUS-grieg_wanderer_SptkBGAm.wav,101.3101133786848
197,F:\MAPS\SptkBGAm\MUS\MAPS_MUS-liz_et1_SptkBGAm.mid,F:\MAPS\SptkBGAm\MUS\MAPS_MUS-liz_et1_SptkBGAm.wav,289.3907029478458
198,F:\MAPS\SptkBGAm\MUS\MAPS_MUS-liz_et2_SptkBGAm.mid,F:\MAPS\SptkBGAm\MUS\MAPS_MUS-liz_et2_SptkBGAm.wav,320.7443990929705
199,F:\MAPS\SptkBGAm\MUS\MAPS_MUS-liz_et_trans4_SptkBGAm.mid,F:\MAPS\SptkBGAm\MUS\MAPS_MUS-liz_et_trans4_SptkBGAm.wav,375.3265306122449
200,F:\MAPS\SptkBGAm\MUS\MAPS_MUS-mendel_op62_5_SptkBGAm.mid,F:\MAPS\SptkBGAm\MUS\MAPS_MUS-mendel_op62_5_SptkBGAm.wav,159.26034013605442
201,F:\MAPS\SptkBGAm\MUS\MAPS_MUS-mond_1_SptkBGAm.mid,F:\MAPS\SptkBGAm\MUS\MAPS_MUS-mond_1_SptkBGAm.wav,364.48430839002265
202,F:\MAPS\SptkBGAm\MUS\MAPS_MUS-mond_2_SptkBGAm.mid,F:\MAPS\SptkBGAm\MUS\MAPS_MUS-mond_2_SptkBGAm.wav,126.69569160997733
203,F:\MAPS\SptkBGAm\MUS\MAPS_MUS-schumm-2_SptkBGAm.mid,F:\MAPS\SptkBGAm\MUS\MAPS_MUS-schumm-2_SptkBGAm.wav,322.94643990929706
204,F:\MAPS\SptkBGAm\MUS\MAPS_MUS-scn15_7_SptkBGAm.mid,F:\MAPS\SptkBGAm\MUS\MAPS_MUS-scn15_7_SptkBGAm.wav,130.79913832199546
205,F:\MAPS\SptkBGAm\MUS\MAPS_MUS-scn16_5_SptkBGAm.mid,F:\MAPS\SptkBGAm\MUS\MAPS_MUS-scn16_5_SptkBGAm.wav,196.83258503401362
206,F:\MAPS\SptkBGAm\MUS\MAPS_MUS-scn16_7_SptkBGAm.mid,F:\MAPS\SptkBGAm\MUS\MAPS_MUS-scn16_7_SptkBGAm.wav,126.24052154195012
207,F:\MAPS\SptkBGAm\MUS\MAPS_MUS-ty_mai_SptkBGAm.mid,F:\MAPS\SptkBGAm\MUS\MAPS_MUS-ty_mai_SptkBGAm.wav,194.04673469387754
208,F:\MAPS\SptkBGAm\MUS\MAPS_MUS-ty_oktober_SptkBGAm.mid,F:\MAPS\SptkBGAm\MUS\MAPS_MUS-ty_oktober_SptkBGAm.wav,193.42068027210885
209,F:\MAPS\SptkBGAm\MUS\MAPS_MUS-ty_september_SptkBGAm.mid,F:\MAPS\SptkBGAm\MUS\MAPS_MUS-ty_september_SptkBGAm.wav,164.68596371882086
210,F:\MAPS\SptkBGCl\MUS\MAPS_MUS-alb_esp2_SptkBGCl.mid,F:\MAPS\SptkBGCl\MUS\MAPS_MUS-alb_esp2_SptkBGCl.wav,127.45591836734694
211,F:\MAPS\SptkBGCl\MUS\MAPS_MUS-alb_esp5_SptkBGCl.mid,F:\MAPS\SptkBGCl\MUS\MAPS_MUS-alb_esp5_SptkBGCl.wav,123.16891156462584
212,F:\MAPS\SptkBGCl\MUS\MAPS_MUS-alb_esp6_SptkBGCl.mid,F:\MAPS\SptkBGCl\MUS\MAPS_MUS-alb_esp6_SptkBGCl.wav,154.32709750566895
213,F:\MAPS\SptkBGCl\MUS\MAPS_MUS-appass_1_SptkBGCl.mid,F:\MAPS\SptkBGCl\MUS\MAPS_MUS-appass_1_SptkBGCl.wav,560.6767800453515
214,F:\MAPS\SptkBGCl\MUS\MAPS_MUS-bach_847_SptkBGCl.mid,F:\MAPS\SptkBGCl\MUS\MAPS_MUS-bach_847_SptkBGCl.wav,192.25578231292516
215,F:\MAPS\SptkBGCl\MUS\MAPS_MUS-bk_xmas2_SptkBGCl.mid,F:\MAPS\SptkBGCl\MUS\MAPS_MUS-bk_xmas2_SptkBGCl.wav,401.2797052154195
216,F:\MAPS\SptkBGCl\MUS\MAPS_MUS-bk_xmas4_SptkBGCl.mid,F:\MAPS\SptkBGCl\MUS\MAPS_MUS-bk_xmas4_SptkBGCl.wav,230.85331065759638
217,F:\MAPS\SptkBGCl\MUS\MAPS_MUS-br_im5_SptkBGCl.mid,F:\MAPS\SptkBGCl\MUS\MAPS_MUS-br_im5_SptkBGCl.wav,176.43607709750566
218,F:\MAPS\SptkBGCl\MUS\MAPS_MUS-burg_perlen_SptkBGCl.mid,F:\MAPS\SptkBGCl\MUS\MAPS_MUS-burg_perlen_SptkBGCl.wav,86.28478458049887
219,F:\MAPS\SptkBGCl\MUS\MAPS_MUS-chpn-p2_SptkBGCl.mid,F:\MAPS\SptkBGCl\MUS\MAPS_MUS-chpn-p2_SptkBGCl.wav,118.07732426303855
220,F:\MAPS\SptkBGCl\MUS\MAPS_MUS-chpn-p6_SptkBGCl.mid,F:\MAPS\SptkBGCl\MUS\MAPS_MUS-chpn-p6_SptkBGCl.wav,92.95360544217687
221,F:\MAPS\SptkBGCl\MUS\MAPS_MUS-chpn-p7_SptkBGCl.mid,F:\MAPS\SptkBGCl\MUS\MAPS_MUS-chpn-p7_SptkBGCl.wav,39.44555555555556
222,F:\MAPS\SptkBGCl\MUS\MAPS_MUS-chpn_op27_2_SptkBGCl.mid,F:\MAPS\SptkBGCl\MUS\MAPS_MUS-chpn_op27_2_SptkBGCl.wav,311.30448979591836
223,F:\MAPS\SptkBGCl\MUS\MAPS_MUS-gra_esp_3_SptkBGCl.mid,F:\MAPS\SptkBGCl\MUS\MAPS_MUS-gra_esp_3_SptkBGCl.wav,191.07934240362812
224,F:\MAPS\SptkBGCl\MUS\MAPS_MUS-grieg_walzer_SptkBGCl.mid,F:\MAPS\SptkBGCl\MUS\MAPS_MUS-grieg_walzer_SptkBGCl.wav,110.44034013605442
225,F:\MAPS\SptkBGCl\MUS\MAPS_MUS-liz_et4_SptkBGCl.mid,F:\MAPS\SptkBGCl\MUS\MAPS_MUS-liz_et4_SptkBGCl.wav,117.15034013605442
226,F:\MAPS\SptkBGCl\MUS\MAPS_MUS-liz_rhap09_SptkBGCl.mid,F:\MAPS\SptkBGCl\MUS\MAPS_MUS-liz_rhap09_SptkBGCl.wav,634.8644444444444
227,F:\MAPS\SptkBGCl\MUS\MAPS_MUS-mond_2_SptkBGCl.mid,F:\MAPS\SptkBGCl\MUS\MAPS_MUS-mond_2_SptkBGCl.wav,126.69569160997733
228,F:\MAPS\SptkBGCl\MUS\MAPS_MUS-muss_3_SptkBGCl.mid,F:\MAPS\SptkBGCl\MUS\MAPS_MUS-muss_3_SptkBGCl.wav,88.75675736961452
229,F:\MAPS\SptkBGCl\MUS\MAPS_MUS-mz_330_1_SptkBGCl.mid,F:\MAPS\SptkBGCl\MUS\MAPS_MUS-mz_330_1_SptkBGCl.wav,539.9878231292518
230,F:\MAPS\SptkBGCl\MUS\MAPS_MUS-mz_331_1_SptkBGCl.mid,F:\MAPS\SptkBGCl\MUS\MAPS_MUS-mz_331_1_SptkBGCl.wav,833.8046258503401
231,F:\MAPS\SptkBGCl\MUS\MAPS_MUS-pathetique_1_SptkBGCl.mid,F:\MAPS\SptkBGCl\MUS\MAPS_MUS-pathetique_1_SptkBGCl.wav,561.5391383219954
232,F:\MAPS\SptkBGCl\MUS\MAPS_MUS-schub_d960_3_SptkBGCl.mid,F:\MAPS\SptkBGCl\MUS\MAPS_MUS-schub_d960_3_SptkBGCl.wav,234.55408163265307
233,F:\MAPS\SptkBGCl\MUS\MAPS_MUS-scn15_2_SptkBGCl.mid,F:\MAPS\SptkBGCl\MUS\MAPS_MUS-scn15_2_SptkBGCl.wav,59.23124716553288
234,F:\MAPS\SptkBGCl\MUS\MAPS_MUS-scn15_5_SptkBGCl.mid,F:\MAPS\SptkBGCl\MUS\MAPS_MUS-scn15_5_SptkBGCl.wav,75.18165532879819
235,F:\MAPS\SptkBGCl\MUS\MAPS_MUS-scn16_2_SptkBGCl.mid,F:\MAPS\SptkBGCl\MUS\MAPS_MUS-scn16_2_SptkBGCl.wav,442.31712018140587
236,F:\MAPS\SptkBGCl\MUS\MAPS_MUS-scn16_4_SptkBGCl.mid,F:\MAPS\SptkBGCl\MUS\MAPS_MUS-scn16_4_SptkBGCl.wav,209.22183673469388
237,F:\MAPS\SptkBGCl\MUS\MAPS_MUS-ty_februar_SptkBGCl.mid,F:\MAPS\SptkBGCl\MUS\MAPS_MUS-ty_februar_SptkBGCl.wav,164.1543537414966
238,F:\MAPS\SptkBGCl\MUS\MAPS_MUS-ty_november_SptkBGCl.mid,F:\MAPS\SptkBGCl\MUS\MAPS_MUS-ty_november_SptkBGCl.wav,177.8949433106576
239,F:\MAPS\SptkBGCl\MUS\MAPS_MUS-waldstein_3_SptkBGCl.mid,F:\MAPS\SptkBGCl\MUS\MAPS_MUS-waldstein_3_SptkBGCl.wav,581.4769387755102
240,F:\MAPS\StbgTGd2\MUS\MAPS_MUS-alb_se2_StbgTGd2.mid,F:\MAPS\StbgTGd2\MUS\MAPS_MUS-alb_se2_StbgTGd2.wav,238.97532879818593
241,F:\MAPS\StbgTGd2\MUS\MAPS_MUS-bk_xmas1_StbgTGd2.mid,F:\MAPS\StbgTGd2\MUS\MAPS_MUS-bk_xmas1_StbgTGd2.wav,385.85410430839005
242,F:\MAPS\StbgTGd2\MUS\MAPS_MUS-bk_xmas4_StbgTGd2.mid,F:\MAPS\StbgTGd2\MUS\MAPS_MUS-bk_xmas4_StbgTGd2.wav,230.85333333333332
243,F:\MAPS\StbgTGd2\MUS\MAPS_MUS-bk_xmas5_StbgTGd2.mid,F:\MAPS\StbgTGd2\MUS\MAPS_MUS-bk_xmas5_StbgTGd2.wav,395.8280952380952
244,F:\MAPS\StbgTGd2\MUS\MAPS_MUS-bor_ps6_StbgTGd2.mid,F:\MAPS\StbgTGd2\MUS\MAPS_MUS-bor_ps6_StbgTGd2.wav,115.03866213151927
245,F:\MAPS\StbgTGd2\MUS\MAPS_MUS-chpn-e01_StbgTGd2.mid,F:\MAPS\StbgTGd2\MUS\MAPS_MUS-chpn-e01_StbgTGd2.wav,112.9690022675737
246,F:\MAPS\StbgTGd2\MUS\MAPS_MUS-chpn-p19_StbgTGd2.mid,F:\MAPS\StbgTGd2\MUS\MAPS_MUS-chpn-p19_StbgTGd2.wav,69.22471655328798
247,F:\MAPS\StbgTGd2\MUS\MAPS_MUS-deb_clai_StbgTGd2.mid,F:\MAPS\StbgTGd2\MUS\MAPS_MUS-deb_clai_StbgTGd2.wav,250.28272108843538
248,F:\MAPS\StbgTGd2\MUS\MAPS_MUS-deb_menu_StbgTGd2.mid,F:\MAPS\StbgTGd2\MUS\MAPS_MUS-deb_menu_StbgTGd2.wav,251.36020408163265
249,F:\MAPS\StbgTGd2\MUS\MAPS_MUS-grieg_butterfly_StbgTGd2.mid,F:\MAPS\StbgTGd2\MUS\MAPS_MUS-grieg_butterfly_StbgTGd2.wav,100.21204081632654
250,F:\MAPS\StbgTGd2\MUS\MAPS_MUS-liz_et6_StbgTGd2.mid,F:\MAPS\StbgTGd2\MUS\MAPS_MUS-liz_et6_StbgTGd2.wav,327.5102267573696
251,F:\MAPS\StbgTGd2\MUS\MAPS_MUS-liz_et_trans5_StbgTGd2.mid,F:\MAPS\StbgTGd2\MUS\MAPS_MUS-liz_et_trans5_StbgTGd2.wav,196.42816326530613
252,F:\MAPS\StbgTGd2\MUS\MAPS_MUS-liz_rhap09_StbgTGd2.mid,F:\MAPS\StbgTGd2\MUS\MAPS_MUS-liz_rhap09_StbgTGd2.wav,634.8644671201814
253,F:\MAPS\StbgTGd2\MUS\MAPS_MUS-mz_311_1_StbgTGd2.mid,F:\MAPS\StbgTGd2\MUS\MAPS_MUS-mz_311_1_StbgTGd2.wav,262.03680272108846
254,F:\MAPS\StbgTGd2\MUS\MAPS_MUS-mz_331_2_StbgTGd2.mid,F:\MAPS\StbgTGd2\MUS\MAPS_MUS-mz_331_2_StbgTGd2.wav,367.62897959183675
255,F:\MAPS\StbgTGd2\MUS\MAPS_MUS-mz_331_3_StbgTGd2.mid,F:\MAPS\StbgTGd2\MUS\MAPS_MUS-mz_331_3_StbgTGd2.wav,192.18240362811792
256,F:\MAPS\StbgTGd2\MUS\MAPS_MUS-mz_332_2_StbgTGd2.mid,F:\MAPS\StbgTGd2\MUS\MAPS_MUS-mz_332_2_StbgTGd2.wav,267.722947845805
257,F:\MAPS\StbgTGd2\MUS\MAPS_MUS-mz_333_2_StbgTGd2.mid,F:\MAPS\StbgTGd2\MUS\MAPS_MUS-mz_333_2_StbgTGd2.wav,524.6232653061224
258,F:\MAPS\StbgTGd2\MUS\MAPS_MUS-mz_333_3_StbgTGd2.mid,F:\MAPS\StbgTGd2\MUS\MAPS_MUS-mz_333_3_StbgTGd2.wav,349.7602494331066
259,F:\MAPS\StbgTGd2\MUS\MAPS_MUS-mz_545_3_StbgTGd2.mid,F:\MAPS\StbgTGd2\MUS\MAPS_MUS-mz_545_3_StbgTGd2.wav,107.76183673469387
260,F:\MAPS\StbgTGd2\MUS\MAPS_MUS-mz_570_1_StbgTGd2.mid,F:\MAPS\StbgTGd2\MUS\MAPS_MUS-mz_570_1_StbgTGd2.wav,478.5040136054422
261,F:\MAPS\StbgTGd2\MUS\MAPS_MUS-pathetique_1_StbgTGd2.mid,F:\MAPS\StbgTGd2\MUS\MAPS_MUS-pathetique_1_StbgTGd2.wav,561.5391156462586
262,F:\MAPS\StbgTGd2\MUS\MAPS_MUS-schuim-1_StbgTGd2.mid,F:\MAPS\StbgTGd2\MUS\MAPS_MUS-schuim-1_StbgTGd2.wav,466.58845804988664
263,F:\MAPS\StbgTGd2\MUS\MAPS_MUS-schu_143_3_StbgTGd2.mid,F:\MAPS\StbgTGd2\MUS\MAPS_MUS-schu_143_3_StbgTGd2.wav,328.8487528344671
264,F:\MAPS\StbgTGd2\MUS\MAPS_MUS-scn15_11_StbgTGd2.mid,F:\MAPS\StbgTGd2\MUS\MAPS_MUS-scn15_11_StbgTGd2.wav,78.90571428571428
265,F:\MAPS\StbgTGd2\MUS\MAPS_MUS-scn15_12_StbgTGd2.mid,F:\MAPS\StbgTGd2\MUS\MAPS_MUS-scn15_12_StbgTGd2.wav,85.75766439909297
266,F:\MAPS\StbgTGd2\MUS\MAPS_MUS-scn16_3_StbgTGd2.mid,F:\MAPS\StbgTGd2\MUS\MAPS_MUS-scn16_3_StbgTGd2.wav,256.40814058956914
267,F:\MAPS\StbgTGd2\MUS\MAPS_MUS-scn16_4_StbgTGd2.mid,F:\MAPS\StbgTGd2\MUS\MAPS_MUS-scn16_4_StbgTGd2.wav,209.22183673469388
268,F:\MAPS\StbgTGd2\MUS\MAPS_MUS-ty_maerz_StbgTGd2.mid,F:\MAPS\StbgTGd2\MUS\MAPS_MUS-ty_maerz_StbgTGd2.wav,137.06244897959184
269,F:\MAPS\StbgTGd2\MUS\MAPS_MUS-ty_mai_StbgTGd2.mid,F:\MAPS\StbgTGd2\MUS\MAPS_MUS-ty_mai_StbgTGd2.wav,194.04673469387754
